{
  "name": "QuickDebug",
  "frameworks": "arduino",
  "version": "0.7.0",
  "keywords": "debug, esp8266, esp32",
  "platforms": ["espressif32", "espressif8266"],
  "description": "QuickDebug is a library for ESP8266/ESP32 to simplify debugging.",
  "url": "https://github.com/gmag11/QuickDebug.git",
  "authors":
    {
      "name": "Germán Martín",
      "email": "enigmaiot@gmartin.net"
    },
  "repository":
    {
      "type": "git",
      "url": "https://github.com/gmag11/QuickDebug.git"
    },
  "examples": "examples/*/*.ino",
  "license": "GPL-3.0-or-later",
  "export":
    {
      "exclude":
      [
        "docs/*",
        "include/*",
        "lib/*"
      ]
    },
    "dependencies": 
    []
}

